Code,Name,Category Code,Unit,Cost,Price,Alert Quantity, Tax Rate Name,Tax Method
22000005120,5 PEPPERMINT COBALT 15 STICKS, Household,Tin,6,9,5, No Tax, exclusive
22000005144,5 SPEARMINT RAIN 15 STICKS, Household,Tin,6,9,5, No Tax, exclusive
22000015532,5 WINTERMINT ASCENT GUM, Household,Tin,6,7,5, No Tax, exclusive
6.03E+12,7UPS CAN PCS, Household,Tin,2,2.5,5, No Tax, exclusive
4.02E+12,A LWAYS ULTRA VALUE PACK 14 EXTRA LONG, Household,Tin,9,9.5,5, No Tax, exclusive
76150232486,ACT II BUTTER MICROWAVE POPCORN 78G, Household,Tin,2.5,3,5, No Tax, exclusive
60049,ACTI LEAF SOYA MILK 1L PCS, Household,Tin,11.5,12.5,5, No Tax, exclusive
60039,ACTIVE ANTISEPTIC LIQUID 5L, Household,Tin,27,28,5, No Tax, exclusive
60041,ACTIVE BLEACH 5L, Household,Tin,19,20,5, No Tax, exclusive
60040,ACTIVE DETERGENT GREEN LIQUID 5L, Household,Tin,19,20,5, No Tax, exclusive
60162,ACTIVE DETERGENT ORANGE 5L, Household,Tin,19,20,5, No Tax, exclusive
3.41E+12,ADIDAS DEEP ENERGY 100ML SPRAY, Household,Tin,37,38,5, No Tax, exclusive
3.39E+12,AFRICA QUEEN MACKEREL 425G, Household,Tin,10,11,5, No Tax, exclusive
60131,AHUNKA, Household,Tin,0,0.2,5, No Tax, exclusive
4.00E+12,AIR WICK REFILL MACHINE, Household,Tin,42,46,5, No Tax, exclusive
6.00E+12,AIR WICK REFILL PURE, Household,Tin,20,21,5, No Tax, exclusive
3.06E+12,AIR WICK REFILL PURPLE LAVENDER, Household,Tin,20,21,5, No Tax, exclusive
5.01E+12,AIRWICK  4 IN 1 AIRFRESHNER, Household,Tin,11,12,5, No Tax, exclusive
5.60E+12,AIRWICK LIFE SCENTS REFILL, Household,Tin,42,46,5, No Tax, exclusive
5.90E+12,AJAX FLORAL FIESTA GREEN 1L, Household,Tin,11,13,5, No Tax, exclusive
5.90E+12,AJAX FLORAL FIESTA PURPLE  1L, Household,Tin,11,13,5, No Tax, exclusive
8.72E+12,AJAX MAX POWER GREEN 750ML, Household,Tin,12,13,5, No Tax, exclusive
8.72E+12,AJAX MAX POWER YELLOW 750ML, Household,Tin,12,13,5, No Tax, exclusive
6.04E+12,AKONA MILK CANDY, Household,Tin,4,5,5, No Tax, exclusive
9.50E+12,AKONO GINGER, Household,Tin,4,4.5,5, No Tax, exclusive
60094,AKWAABA BOX TISSUE, Household,Tin,4.5,6,5, No Tax, exclusive
5.01E+12,ALBERTO BALSAM TEA TREE TINGLE 400ML, Household,Tin,9,10,5, No Tax, exclusive
5.03E+12,ALEYNA HOT JALAPENO SAUCE 500G, Household,Tin,11,12,5, No Tax, exclusive
5.29E+12,AL-FAYAA RED LENTILS, Household,Tin,20,21,5, No Tax, exclusive
23456789-09876,ALMOND SACHET, Household,Tin,9,10,5, No Tax, exclusive
5.06E+12,ALOE DRINK MANGO 500ML, Household,Tin,6,7,5, No Tax, exclusive
5.06E+12,ALOE DRINK ORANGE 500ML, Household,Tin,6,7,5, No Tax, exclusive
5.41E+12,ALPRO ALMOND ORIGINAL MILK, Household,Tin,15,18,5, No Tax, exclusive
5.41E+12,ALPRO ALMOND UNSWEETENED MILK 1L, Household,Tin,15,17,5, No Tax, exclusive
5.41E+12,ALPRO SOYA UNSWEETENED MILK 1L, Household,Tin,16,17,5, No Tax, exclusive
8.89E+12,ALTECO A+B EPOPUTTY ADHESIVE 50G, Household,Tin,3,3.5,5, No Tax, exclusive
8.89E+12,ALTECO CLEAR EPOXY ADHESIVE 15G, Household,Tin,3,3.5,5, No Tax, exclusive
8.89E+12,ALTECO SUPER GLUE 3G, Household,Tin,0.8,1,5, No Tax, exclusive
6.03E+12,ALUMINIUM FOIL 37.5, Household,Tin,9,11,5, No Tax, exclusive
4.57E+14,ALUMINIUM PACK M/S, Household,Tin,9,10,5, No Tax, exclusive
60110,ALUMINIUM PACK S/S PK 50PCS, Household,Tin,25,26,5, No Tax, exclusive
5.00E+12,ALVARO PEAR PLASTIC, Household,Tin,1.5,2.5,5, No Tax, exclusive
5.00E+12,ALVARO PLASTIC 330ML PINEAPPLE, Household,Tin,1.5,2.5,5, No Tax, exclusive
4.02E+12,ALWAYS MAXI, Household,Tin,20,22,5, No Tax, exclusive
4.02E+12,ALWAYS MAXI NIGHT, Household,Tin,20,22,5, No Tax, exclusive
4.02E+12,ALWAYS MAXI THICK, Household,Tin,4,6,5, No Tax, exclusive
4.02E+12,ALWAYS ULTRA RED 8LONG LONGUE, Household,Tin,4,5,5, No Tax, exclusive
4.02E+12,ALWAYS ULTRA VALUE PACK 16 EXTRA LONG, Household,Tin,8,9.5,5, No Tax, exclusive
4.02E+12,ALWAYS UTRA BLUE 7 EXTRA LONG, Household,Tin,4.5,5,5, No Tax, exclusive
6.25E+12,AMAZON DATES MAAMOUL 12PCS, Household,Tin,12,12.5,5, No Tax, exclusive
6.25E+12,AMAZON MAAMOUL PISTACHIO 12PCS, Household,Tin,41,42,5, No Tax, exclusive
5.00E+12,AMBROSIA DEVON CUSTARD 1KG PCS, Household,Tin,12,13,5, No Tax, exclusive
5.00E+12,AMBROSIA DEVON CUSTARD TIN 400G, Household,Tin,5,6,5, No Tax, exclusive
6.92E+12,AMERICAN HARVEST MUSHROOMS P&S 400G, Household,Tin,6,6.5,5, No Tax, exclusive
5.03E+12,ANDREX CLASSIC CLEAN TOILET ROLL 4IN1, Household,Tin,24,25,5, No Tax, exclusive
5.03E+12,ANDREX SKIN KIND TOILET ROLL 4IN1, Household,Tin,24,25,5, No Tax, exclusive
5.03E+12,ANDREX SUPREME QUILTS TOILET TISSUE 4 ROLLS, Household,Tin,24,25,5, No Tax, exclusive
60080,ANGEL TOILET PAPER PCS, Household,Tin,1.5,2,5, No Tax, exclusive
3.25E+15,ANGEL TOILET TISSUES, Household,Tin,12,14.5,5, No Tax, exclusive
6.03E+12,ANNAPUNA 500G, Household,Tin,1,2,5, No Tax, exclusive
6.03E+12,ANNAPUNA REFINED IODATED SALT 250G, Household,Tin,0.8,1,5, No Tax, exclusive
5.03E+12,ANTIBACTERIAL HANDWASH 500ML (BLUE), Household,Tin,8,9,5, No Tax, exclusive
5.03E+12,ANTIBACTERIAL HANDWASH 500ML (GREEN), Household,Tin,8,9,5, No Tax, exclusive
5.06E+12,ANTIBACTERIAL HANDWASH ORIGINAL 750ML, Household,Tin,10,11,5, No Tax, exclusive
76301000100,APPLE & EVE APPLE JUICE 100% PK 12, Household,Tin,24,25,5, No Tax, exclusive
76301000155,APPLE & EVE FRUIT PUNCH 100% PK 12, Household,Tin,24,25,5, No Tax, exclusive
2.35E+13,APPLE (GREEN), Household,Tin,6,8,5, No Tax, exclusive
2.35E+13,APPLE (RED), Household,Tin,7,8,5, No Tax, exclusive
60120,APPLE AND EVE  VERY BERRY PK 12, Household,Tin,24,25,5, No Tax, exclusive
5.00E+12,APTAMIL FIRST INFANT MILK 1, Household,Tin,90,100,5, No Tax, exclusive
5.05E+12,APTAMIL GROWING UP 3, Household,Tin,90,100,5, No Tax, exclusive
60169,AQUA FILL 1.5L PCS, Household,Tin,2.5,3,5, No Tax, exclusive
60085,AQUA FILL 1.5ML BOX, Household,Tin,15,17,5, No Tax, exclusive
5.46E+14,AQUA FILL BABY SIZE, Household,Tin,6,7,5, No Tax, exclusive
60084,AQUA FILL BOX 500ML, Household,Tin,15,17,5, No Tax, exclusive
60181,AQUA FILL WATER 500ML PCS, Household,Tin,1,1.5,5, No Tax, exclusive
5.00E+12,AQUA FRESH EXTRA WHITE PASTE 75ML, Household,Tin,11,12,5, No Tax, exclusive
6.00E+12,AQUA FRESH MILD MINTY 100ML, Household,Tin,0,7,5, No Tax, exclusive
60011,AQUAFILL DISPENSER BOTTLE, Household,Tin,8,9,5, No Tax, exclusive
6.92E+12,ARABE PLASTIC PLATES 25PCS, Household,Tin,15,16,5, No Tax, exclusive
4.08E+12,ARIEL PROFESSIONAL COLOUR 5.005L, Household,Tin,115,116,5, No Tax, exclusive
4.08E+12,ARIEL PROFESSIONAL LIQUID 5L, Household,Tin,115,116,5, No Tax, exclusive
8.00E+12,ARIEL PROFESSIONAL POWDER 7.150KG, Household,Tin,165,166,5, No Tax, exclusive
8.00E+12,ARIEL WASHING POWDER 1KG, Household,Tin,14,15,5, No Tax, exclusive
8.00E+12,ARIEL WASHING POWDER 500G, Household,Tin,7.5,8,5, No Tax, exclusive
5.41E+12,ARIEL WASHING POWDER 90G, Household,Tin,1,1.5,5, No Tax, exclusive
6.13E+11,ARIZONA GREEN TEA 473ML, Household,Tin,4,5,5, No Tax, exclusive
33200011101,ARM & HAMMER BAKING SODA 454G, Household,Tin,10,13,5, No Tax, exclusive
27192917,ASDA LONG LIFE WHOLE MILK 1L, Household,Tin,11,12,5, No Tax, exclusive
5.06E+12,ASTONISH CLEAN N PROTECT 500ML, Household,Tin,10,11,5, No Tax, exclusive
48256245455,ASTONISH COCONUT 500ML, Household,Tin,10,11,5, No Tax, exclusive
5.06E+12,ASTONISH HANDWASH 500ML, Household,Tin,10,11,5, No Tax, exclusive
48256245455,ASTONISH HANDWASH COCONUT 500ML, Household,Tin,10,11,5, No Tax, exclusive
48256245509,ASTONISH HANDWASH MILK & HONEY 500ML, Household,Tin,10,11,5, No Tax, exclusive
5.06E+12,ASTONISH HANDWASH SILKE SOFT 500ML, Household,Tin,10,11,5, No Tax, exclusive
48256245509,ASTONISH MILK N HONEY 500ML, Household,Tin,10,11,5, No Tax, exclusive
5.06E+12,ASTONISH STARCH SPRAY 750ML, Household,Tin,7,8,5, No Tax, exclusive
5.06E+12,ASTONISH WINDOW & GLASS 750ML, Household,Tin,8,9,5, No Tax, exclusive
5.06E+12,ASTONISH WINDOW & GLASS CLEANER 750ML, Household,Tin,9,10,5, No Tax, exclusive
8.89E+12,ASTOR WAFER STICK 40G PCS, Household,Tin,2.25,3.5,5, No Tax, exclusive
8.89E+12,ASTOR WAFER STICK PACK, Household,Tin,25,32,5, No Tax, exclusive
8.89E+12,ASTOR WAFER STICKS CAN 330G, Household,Tin,30,31,5, No Tax, exclusive
5.01E+12,ASTRAL FACE & BODY MOISTURIZER 500ML, Household,Tin,0,0,5, No Tax, exclusive
6.92E+12,ATLANTA MACKEREL 425G, Household,Tin,5,5.5,5, No Tax, exclusive
6.11E+12,ATLANTA SARDINE, Household,Tin,2.5,3,5, No Tax, exclusive
8.69E+12,ATLANTA SPAGHETTI 500G, Household,Tin,4,5,5, No Tax, exclusive
30000053201,AUNT JEMIMA PANCAKE MIX 907G, Household,Tin,35,36.5,5, No Tax, exclusive
41498131012,AUNT MAPLES BUTTERMILK 907G, Household,Tin,18,20,5, No Tax, exclusive
41498122300,AUNT MAPLE'S SYRUP ORIGINAL 710ML, Household,Tin,21,22,5, No Tax, exclusive
60182,AURORA CHICKEN BREAST 2KG, Household,Tin,52,53,5, No Tax, exclusive
60183,AURORA FULL CHICKEN 2KG, Household,Tin,23,24,5, No Tax, exclusive
6.04E+12,AVA VIRGIN COCONUT PREMIUM OIL 500ML, Household,Tin,25,26.5,5, No Tax, exclusive
60171,AWAKE DRINKING WATER 1.5L BOX, Household,Tin,17,18,5, No Tax, exclusive
60170,AWAKE DRINKING WATER 500ML BOX, Household,Tin,16,17,5, No Tax, exclusive
2.45E+12,AWAKE DRINKING WATER 500ML PK 12, Household,Tin,7,10,5, No Tax, exclusive
6.03E+12,AWAKE DRINKING WATER PCS, Household,Tin,1,1.5,5, No Tax, exclusive
60178,AWAKE WATER PK OF 15, Household,Tin,12,13,5, No Tax, exclusive
33844002220,BADIA ANISE SEED 49.6G, Household,Tin,10,12,5, No Tax, exclusive
33844006914,Badia Cajun 78g, Household,Tin,10,12,5, No Tax, exclusive
33844000158,Badia cinnamon Powder 56.7g, Household,Tin,10,12,5, No Tax, exclusive
33844003180,Badia cinnamon sticks 85.1g, Household,Tin,22,23,5, No Tax, exclusive
33844002183,Badia cloves 35.4g, Household,Tin,10,12,5, No Tax, exclusive
33844002619,BADIA COCONUT MILK 400ML, Household,Tin,8,11,5, No Tax, exclusive
33844002404,BADIA COCONUT WATER  310ML, Household,Tin,5,8,5, No Tax, exclusive
33844005511,Badia complete seasoning (793.8g), Household,Tin,40,44,5, No Tax, exclusive
33844000080,Badia complete seasoning (99.2g), Household,Tin,10,13,5, No Tax, exclusive
33844002121,Badia curry powder 198.5g, Household,Tin,12,16,5, No Tax, exclusive
33844005177,Badia curry powder 453.6g, Household,Tin,26,31,5, No Tax, exclusive
33844001988,Badia Fried Rice 170.1g, Household,Tin,10,14,5, No Tax, exclusive
33844007430,Badia Garam Masala 120.5g, Household,Tin,10,14,5, No Tax, exclusive
33844005245,Badia granulated garlic (680.4g), Household,Tin,70,78,5, No Tax, exclusive
33844004484,BADIA GROUND BLACK PEPPER 56.7G, Household,Tin,12,13,5, No Tax, exclusive
33844105433,Badia ground black pepper(453.6g), Household,Tin,55,58,5, No Tax, exclusive
33844006686,Badia ground coriander (396.9g), Household,Tin,22,23,5, No Tax, exclusive
33844000073,BADIA GROUND CUMIN 56.7G, Household,Tin,8,9,5, No Tax, exclusive
33844002237,Badia Ground Ginger 42.5g, Household,Tin,6,8,5, No Tax, exclusive
33844002176,Badia Ground nutmeg 56.7g, Household,Tin,10,12,5, No Tax, exclusive
33844001179,Badia jollof rice (793.8g), Household,Tin,35,40,5, No Tax, exclusive
33844001995,Badia jollof rice 163g, Household,Tin,10,14,5, No Tax, exclusive
33844000035,Badia onion powder 269.3G, Household,Tin,16,19,5, No Tax, exclusive
33844000066,Badia Onion Powder 78.0g, Household,Tin,5,8,5, No Tax, exclusive
33844005405,BADIA OREGANO SPICE 155.6G, Household,Tin,20,21,5, No Tax, exclusive
33844005412,Badia paprika 453.6G, Household,Tin,43,44,5, No Tax, exclusive
33844000110,Badia paprika 56.7g, Household,Tin,12,13,5, No Tax, exclusive
33844007881,Badia rainbow sprinkles 680.4g, Household,Tin,40,45,5, No Tax, exclusive
33844002732,Badia rainbow sprinkles 85.05g, Household,Tin,10,12,5, No Tax, exclusive
33844001070,BADIA RED PEPPER 127.6G, Household,Tin,10,14,5, No Tax, exclusive
33844001087,BADIA ROTISSERIE 297.7G, Household,Tin,20,25,5, No Tax, exclusive
33844007263,BADIA ROTISSERIE 623.7G, Household,Tin,50,58,5, No Tax, exclusive
33844009618,Badia Sazon tropical (793.8g), Household,Tin,45,46,5, No Tax, exclusive
33844008390,Badia sea salt (1.13kg), Household,Tin,25,30,5, No Tax, exclusive
33844007270,Badia steak seasoning (793.8), Household,Tin,53,54,5, No Tax, exclusive
33844005627,Badia thyme leaves 226.8G, Household,Tin,30,31,5, No Tax, exclusive
33844001124,Badia white pepper (255.1), Household,Tin,47,48,5, No Tax, exclusive
33844002169,BADIA WHITE PEPPER 56.7G, Household,Tin,10,15,5, No Tax, exclusive
33844009151,BADIA WHITE VINEGAR 3.78L, Household,Tin,32,33,5, No Tax, exclusive
6.94E+12,BAKING CUPS 125 PCS, Household,Tin,5,6,5, No Tax, exclusive
8.08E+12,BARILLA  SPAGHETTI N.5 500G, Household,Tin,11,12,5, No Tax, exclusive
8.86E+12,BASIL SEED APRICOT, Household,Tin,5,5.5,5, No Tax, exclusive
8.86E+12,BASIL SEED BLUEBERRY, Household,Tin,5,5.5,5, No Tax, exclusive
8.86E+12,BASIL SEED COCKTAIL, Household,Tin,5,5.5,5, No Tax, exclusive
8.86E+12,BASIL SEED LYCHEE, Household,Tin,5,5.5,5, No Tax, exclusive
8.86E+12,BASIL SEED MANGO, Household,Tin,5,5.5,5, No Tax, exclusive
8.86E+12,BASIL SEED MELON, Household,Tin,5,5.5,5, No Tax, exclusive
8.86E+12,BASIL SEED ORANGE, Household,Tin,5,5.5,5, No Tax, exclusive
8.86E+12,BASIL SEED POMEGRANATE, Household,Tin,5,5.5,5, No Tax, exclusive
8.86E+12,BASIL SEED STRAWBERRY, Household,Tin,5,5.5,5, No Tax, exclusive
8.86E+12,BASIL SEED WATERMELON, Household,Tin,5,5.5,5, No Tax, exclusive
8.86E+12,BASIL SEED WHITE GRAPE, Household,Tin,5,5.5,5, No Tax, exclusive
5.02E+12,BATH FLUTERS, Household,Tin,6,6.5,5, No Tax, exclusive
4.02E+12,BEBIVITA TOMATO & HAM PASTA BAKE 220G, Household,Tin,7,8,5, No Tax, exclusive
6.03E+12,BEEF SAUSAGE, Household,Tin,14,14.5,5, No Tax, exclusive
6.03E+12,BEFF SAUSAGE, Household,Tin,13,14.5,5, No Tax, exclusive
5.41E+12,BEGRO GARDEN PEAS FINE 1KG, Household,Tin,18,19,5, No Tax, exclusive
5.41E+12,BEGRO MACEDOINE MIXED VEG 1KG, Household,Tin,16,17,5, No Tax, exclusive
60097,BEL AQUA 1.5 PCS, Household,Tin,2.5,3,5, No Tax, exclusive
60071,BEL AQUA 1.5L PCS, Household,Tin,2.5,3,5, No Tax, exclusive
6525743785,BEL AQUA 1.5LT BOX, Household,Tin,16,18,5, No Tax, exclusive
7.83E+13,BEL AQUA 330ML PACK, Household,Tin,8,9,5, No Tax, exclusive
345645678,BEL AQUA 500ML BOX, Household,Tin,17,18,5, No Tax, exclusive
60047,BEL AQUA 500ML PCS, Household,Tin,1,1.5,5, No Tax, exclusive
60142,BEL AQUA 500ML PK 15 SACHE, Household,Tin,11,12,5, No Tax, exclusive
60042,BEL AQUA 750ML PK 15, Household,Tin,9,10,5, No Tax, exclusive
60102,BEL AQUA BOTTLE 1.5 PK 6, Household,Tin,9,15,5, No Tax, exclusive
60068,BEL AQUA DISPENSER BOTTLE, Household,Tin,8,9,5, No Tax, exclusive
60078,BEL AQUA SPARKLING PREMIUM 330ML X12, Household,Tin,37,38,5, No Tax, exclusive
60079,BEL AQUA SPARKLING PREMIUM 750ML X12, Household,Tin,55,56,5, No Tax, exclusive
3.26E+12,BEL NORMANDE APPLE CRANBERRY WINE 750ML, Household,Tin,10,12,5, No Tax, exclusive
3.26E+12,BEL NORMANDE BLUE WINE 750ML, Household,Tin,10,12,5, No Tax, exclusive
3.10E+12,BEL NORMANDE SPARKLING APPLE 750ML, Household,Tin,10,12,5, No Tax, exclusive
3.10E+12,BEL NORMANDE SPARKLING RED GRAPE WINE 750ML, Household,Tin,10,12,5, No Tax, exclusive
5.05E+12,BEST IN APPLE JUICE 1LT, Household,Tin,10,11,5, No Tax, exclusive
5.03E+12,BEST IN BAKING POWDER 100G, Household,Tin,9,9.5,5, No Tax, exclusive
5.03E+12,BEST IN BICARBONATE OF SODA BLUE 100G, Household,Tin,7,8,5, No Tax, exclusive
5.03E+12,BEST IN BLACKCURRANT EXTRA JAM, Household,Tin,10,12,5, No Tax, exclusive
5.03E+12,BEST IN MIXED FRUIT JAM, Household,Tin,10,12,5, No Tax, exclusive
5.05E+12,BEST IN PLUM TOMATOES 400G, Household,Tin,5,5.5,5, No Tax, exclusive
5.03E+12,BEST IN RASPBERRY JAM, Household,Tin,12,14,5, No Tax, exclusive
5.03E+12,BEST IN STRAWBERRY EXTRA JAM, Household,Tin,12,14,5, No Tax, exclusive
5.03E+12,BEST IN SWEETCORN 340G, Household,Tin,7,8.5,5, No Tax, exclusive
5.05E+12,BEST ONE CHOPPED TOMATOES 400G, Household,Tin,4.5,5.5,5, No Tax, exclusive
5.05E+12,BEST ONE GARDEN PEAS 300G, Household,Tin,6,7,5, No Tax, exclusive
5.05E+12,BEST ONE GARDEN PEAS IN WATER 560G, Household,Tin,8,9,5, No Tax, exclusive
5.03E+12,BESTIN CURRY POWDER 25G, Household,Tin,5,6,5, No Tax, exclusive
5.05E+12,BEST-ONE SELF RAISING FLOUR 1.5KG, Household,Tin,15,16,5, No Tax, exclusive
5.03E+12,BESTT IN PINNEAPLE EXTRA JAM, Household,Tin,12,14,5, No Tax, exclusive
6.03E+12,BETA MALT 330ML, Household,Tin,2,2.5,5, No Tax, exclusive
6.18E+12,BF SOAP 290G, Household,Tin,4,4.5,5, No Tax, exclusive
3.09E+12,BIC COMFORT 2 SHAVING STICKS 5IN1, Household,Tin,6,7,5, No Tax, exclusive
3.09E+12,BIC MEGA LIGHTER MULTI, Household,Tin,15,16,5, No Tax, exclusive
3.09E+12,BIC SENSITIVE SHAVING STICKS 5IN1, Household,Tin,5,6,5, No Tax, exclusive
6.03E+12,BINE 20 5L, Household,Tin,42,43,5, No Tax, exclusive
8.69E+12,BINGO AUTOMAT 3KG, Household,Tin,45,50,5, No Tax, exclusive
8.69E+12,BINGO AUTOMAT COULOUR 5KG, Household,Tin,80,82,5, No Tax, exclusive
8.69E+12,BINGO MANUAL FOAM BOOSTER WHITE 3KG, Household,Tin,44,45,5, No Tax, exclusive
8.69E+12,BINGO OV SCOURING POWDER 500G, Household,Tin,5,6,5, No Tax, exclusive
8.69E+12,BINGO SOFT LAVANTA 2L, Household,Tin,26,26.5,5, No Tax, exclusive
8.69E+12,BINGO SOFT SENSITIVE 1L, Household,Tin,14,15,5, No Tax, exclusive
8.69E+12,BINGO SOFT SPRING FRESHNESS 1L, Household,Tin,14,15,5, No Tax, exclusive
8.69E+12,BINGO WINDOW CLEANER 500ML, Household,Tin,7,7.5,5, No Tax, exclusive
5.00E+12,BIRDS CUSTARD POWDER 300G, Household,Tin,9,10.5,5, No Tax, exclusive
5.06E+12,BIRTHDAY CANDLE MUSICALS, Household,Tin,15,16,5, No Tax, exclusive
4.10E+12,BITBURGER NON ALCOHOLIC BEER 330ML, Household,Tin,3.5,4,5, No Tax, exclusive
4.10E+12,BITBURGER NON ALCOHOLIC BEER 500ML, Household,Tin,5,6,5, No Tax, exclusive
6.00E+12,BLUE BAND ORIGINAL 250G, Household,Tin,3,5,5, No Tax, exclusive
6.00E+12,BLUE BAND ORIGINAL 450G, Household,Tin,5,6,5, No Tax, exclusive
6.03E+12,BLUE BAND SPREAD 450G, Household,Tin,4,5,5, No Tax, exclusive
5.01E+12,BLUE DRAGON LIGHT SOY  SAUCE 150ML, Household,Tin,0,0,5, No Tax, exclusive
5.01E+12,BLUE DRAGON LIGHT SOY SAUCE 150ML, Household,Tin,8.5,9,5, No Tax, exclusive
5.01E+12,BLUE DRAGON OYSTER SAUCE 150ML, Household,Tin,15,17,5, No Tax, exclusive
5.04E+12,BLUE SKIES MANGO N ORANGE, Household,Tin,6,7,5, No Tax, exclusive
5.02E+12,BODY SCRUB 200ML, Household,Tin,11,12,5, No Tax, exclusive
4.08E+12,BOLD 2 IN 1 5.33KG, Household,Tin,110,113,5, No Tax, exclusive
7.90E+12,BON BEEF LUNCHEON MEAT 400G, Household,Tin,6,7,5, No Tax, exclusive
6.03E+12,BORGER PEANUT SNACK, Household,Tin,9.5,10,5, No Tax, exclusive
8.41E+12,BORGES CIDER VINEGAR 250ML, Household,Tin,9,10,5, No Tax, exclusive
8.41E+12,BORGES CIDER VINEGAR 355ML, Household,Tin,11,12,5, No Tax, exclusive
8.41E+12,BORGES CLASSIC OLIVE OIL 125ML, Household,Tin,9,10,5, No Tax, exclusive
8.41E+12,BORGES CLASSIC OLIVE OIL 2L, Household,Tin,112,113,5, No Tax, exclusive
8.41E+12,BORGES CLASSIC OLIVE OIL 500ML, Household,Tin,33,34,5, No Tax, exclusive
8.41E+12,BORGES CLASSIC OLIVE OIL 750ML, Household,Tin,47,48,5, No Tax, exclusive
8.41E+12,BORGES EXTRA VIRGIN 500ML, Household,Tin,34,35,5, No Tax, exclusive
8.41E+12,BORGES EXTRA VIRGIN OLIVE OIL 2L, Household,Tin,115,116,5, No Tax, exclusive
8.41E+12,BORGES EXTRA VIRGIN OLIVE OIL 750ML, Household,Tin,48,49,5, No Tax, exclusive
6.04E+11,BOSS BAKER BEEF ROLL 50G, Household,Tin,0.9,1,5, No Tax, exclusive
40111216,BOUNTY CHOCOLATE  57G, Household,Tin,4,6,5, No Tax, exclusive
37000738909,BOUNTY TISSUE, Household,Tin,15,16,5, No Tax, exclusive
3.50E+12,BRETS AL ANCIENNE 125G, Household,Tin,10,11,5, No Tax, exclusive
3.50E+12,BRETS AL ANCIENNE 25G, Household,Tin,2.5,3,5, No Tax, exclusive
3.50E+12,BRETS AU COMTE 125G, Household,Tin,10,11,5, No Tax, exclusive
3.50E+12,BRETS CHEVRE & PIMENT 125G, Household,Tin,10,11,5, No Tax, exclusive
3.50E+12,BRETS CRAQUANTES 125G, Household,Tin,10,11,5, No Tax, exclusive
3.50E+12,BRETS INDIAN CURRY 125G, Household,Tin,10,11,5, No Tax, exclusive
3.50E+12,BRETS PAYSANNES 125G, Household,Tin,10,11,5, No Tax, exclusive
3.50E+12,BRETS PIZZA 25G, Household,Tin,2.5,3,5, No Tax, exclusive
3.50E+12,BRETS SAUCE BARBECUE 125G, Household,Tin,10,11,5, No Tax, exclusive
3.50E+12,BRETS SAUCE BARBECUE 25G, Household,Tin,2.5,3,5, No Tax, exclusive
3.50E+12,BRETS SEL & VINAIGRE 125G, Household,Tin,10,11,5, No Tax, exclusive
60177,BRIGHT CANDLES 8PCS, Household,Tin,4,4.5,5, No Tax, exclusive
8.90E+12,BRITANNIA WEAT RUSK 233G, Household,Tin,4,4.5,5, No Tax, exclusive
5.00E+12,BROWN & POLSON CORN FLOUR 500G, Household,Tin,16,17,5, No Tax, exclusive
6.03E+12,BROWN GOLD COCOA POWDER 400G, Household,Tin,15,17,5, No Tax, exclusive
4.34E+12,BRUSH AND RUBBISH COLLECTER 2IN1, Household,Tin,22,25,5, No Tax, exclusive
3.01E+12,BRUT AFTER SHAVE 100ML, Household,Tin,20,24,5, No Tax, exclusive
3.01E+12,BRUT MUSK DEODORANT 200ML, Household,Tin,16,17,5, No Tax, exclusive
8.72E+12,BRUT OCEANS DEODORANT 200ML, Household,Tin,16,17,5, No Tax, exclusive
8.70E+12,BULGURIUM WHEAT 1KG, Household,Tin,8,10,5, No Tax, exclusive
6.03E+12,BURGER  NUTS PCS, Household,Tin,0.9,1,5, No Tax, exclusive
60081,BURGER NUT PK, Household,Tin,9,10,5, No Tax, exclusive
41498202552,BURMANS TOMATOES KETCHUP 1.07KG, Household,Tin,17,18,5, No Tax, exclusive
6.05E+12,BUZYBEE HONEY 100% ORGANIC 250ML, Household,Tin,17,18,5, No Tax, exclusive
6.05E+12,BUZYBEE HONEY 100% ORGANIC 500G, Household,Tin,25,26,5, No Tax, exclusive
6.05E+12,BUZYBEE PURE HONEY 100% ORGANIC 1L, Household,Tin,42,43,5, No Tax, exclusive
6.05E+12,BUZYBEE PURE HONEY 100% ORGANIC 2L, Household,Tin,84,85,5, No Tax, exclusive
8.74E+11,"CA,MELION 3LED POWER TORCH", Household,Tin,11,12,5, No Tax, exclusive
7.62E+12,CADBURRY HEROES BOWLS 660G, Household,Tin,58,62,5, No Tax, exclusive
7.62E+12,CADBURRY HOT CHOCOLATE DRINK 30G, Household,Tin,0.8,1.2,5, No Tax, exclusive
72417148262,CADBURY CHOC CHIP COOKIES 150G, Household,Tin,7,8,5, No Tax, exclusive
7.62E+12,CADBURY DAIRY MILK CHOCOLATE 95G, Household,Tin,14,15,5, No Tax, exclusive
7.62E+12,CADBURY DAIRY MILK WHOLE NUT 200G, Household,Tin,22,23,5, No Tax, exclusive
7.62E+12,CADBURY DRINKING CHOCOLATE 250G, Household,Tin,15,20,5, No Tax, exclusive
72417147890,CADBURY SHORTIES 300G, Household,Tin,10,12,5, No Tax, exclusive
72417147906,CADBURY WHEATIES 300G, Household,Tin,10,12,5, No Tax, exclusive
6.03E+12,CAMEL ANTISEPTIC 5OOML, Household,Tin,16,17.5,5, No Tax, exclusive
6.03E+12,CAMEL ANTISEPTIC ORIGINAL 1LT, Household,Tin,30,31,5, No Tax, exclusive
6.03E+12,CAMEL ANTISEPTIC ZESTY LIME 500ML, Household,Tin,16,17.5,5, No Tax, exclusive
8.89E+12,CAMEL HONEY ALMONDS 40G, Household,Tin,5,6,5, No Tax, exclusive
8.89E+12,CAMEL MIXED LUXURY 130G, Household,Tin,14,15,5, No Tax, exclusive
8.89E+12,CAMEL MIXED ROYAL NUTS 130GM, Household,Tin,20,21,5, No Tax, exclusive
8.89E+12,CAMEL MIXED SNACKS 150G SACHE, Household,Tin,7,8,5, No Tax, exclusive
8.89E+12,CAMEL MIXED SNACKS 300G SACHE, Household,Tin,12,13,5, No Tax, exclusive
8.89E+12,CAMEL NATURAL COCKTAIL MIX 150G SACHE, Household,Tin,17,18,5, No Tax, exclusive
8.89E+12,CAMEL NATURAL PISTACHIOS 40G, Household,Tin,5,7,5, No Tax, exclusive
8.89E+12,CAMEL ROASTED CASHEWS 130GM, Household,Tin,20,21,5, No Tax, exclusive
8.89E+12,CAMEL ROASTED CASHEWS 150G, Household,Tin,18,20,5, No Tax, exclusive
8.89E+12,CAMEL ROASTED PEANUT 130G, Household,Tin,7,8,5, No Tax, exclusive
8.89E+12,CAMEL SMOKED ALMONDS 150G, Household,Tin,20,21,5, No Tax, exclusive
8.49E+11,CAMELION 6LED POWER TORCH, Household,Tin,17,18,5, No Tax, exclusive
8.74E+11,CAMELION 9LED POWER TORCH, Household,Tin,28,30,5, No Tax, exclusive
8.49E+11,CAMELION COOLED 6LED RECHARBLE BATTERY, Household,Tin,21,22,5, No Tax, exclusive
8.74E+11,CAMELION TRAVLITE 3XLED, Household,Tin,19,20,5, No Tax, exclusive
8.49E+11,CAMELION TRAVLITE 6XLED, Household,Tin,31,32,5, No Tax, exclusive
8.89E+12,CAMELNATURAL BAKED PISTACHIOS 150G, Household,Tin,20,21,5, No Tax, exclusive
6.04E+12,CAMPERCHEE CROWN SUGAR BOTTLE, Household,Tin,110,11,5, No Tax, exclusive
6.04E+12,CAMPERCHEE CROWN SUGAR SACHET, Household,Tin,10,11,5, No Tax, exclusive
7811403,CANADA DRY 355ML, Household,Tin,3,4,5, No Tax, exclusive
7.64E+12,CANDEREL 40G, Household,Tin,15,17,5, No Tax, exclusive
7.64E+12,CANDEREL 75G, Household,Tin,20,23,5, No Tax, exclusive
60030,CAPRISUN FRUIT PUNCH PK OF 10 PCS, Household,Tin,14,15,5, No Tax, exclusive
87684000953,CAPRISUN PACIFIC COOLER 25% PK 10PCS, Household,Tin,14,15,5, No Tax, exclusive
87684000991,CAPRISUN STRAWBERRY AND KIWI 25% PK 10OCS, Household,Tin,14,15,5, No Tax, exclusive
87684001004,CAPRISUN WILD CHERRY 25% PK 10PCS, Household,Tin,14,15,5, No Tax, exclusive
60037,CARBOLIC CAKE SOAP PCS, Household,Tin,1.5,2,5, No Tax, exclusive
5.00E+12,CAREX COMPLETE WIPES S/S, Household,Tin,7,8,5, No Tax, exclusive
41498126643,CARLINI PURE CORN OIL 1.42L, Household,Tin,25,26,5, No Tax, exclusive
6.03E+12,CARNATION MILK 160G, Household,Tin,2.8,3,5, No Tax, exclusive
7.61E+12,CARNATION TOPPING EVAPORATED MILK 410G, Household,Tin,7,8,5, No Tax, exclusive
5.28E+12,CASTANIA CRISPY CORN, Household,Tin,4,8,5, No Tax, exclusive
5.28E+12,CASTANIA PUMPKIN SEEDS B/S, Household,Tin,20,21,5, No Tax, exclusive
5.28E+12,CASTANIA PUMPKIN SEEDS S/S, Household,Tin,7,8,5, No Tax, exclusive
5.28E+12,CASTANIA SMALL SEEDS, Household,Tin,7,8,5, No Tax, exclusive
5.28E+12,CASTANIA SMALL SEEDS B/S, Household,Tin,20,23,5, No Tax, exclusive
5.28E+25,CASTANIA SMALL SEEDS S/S, Household,Tin,9,10,5, No Tax, exclusive
5.28E+12,CASTANIA SUNFLOWER SEEDS S/S, Household,Tin,7,8,5, No Tax, exclusive
5.01E+12,CAUSTIC SODA DRAIN CLEANER 375G, Household,Tin,12.5,13,5, No Tax, exclusive
5.00E+12,CELEBRATIONS 8 FAMOUS BRANDS 680G, Household,Tin,60,62,5, No Tax, exclusive
6.00E+12,CEREBOS IODATED SALT 1KG, Household,Tin,20,25,5, No Tax, exclusive
6.00E+12,CEREBOS IODATED SALT 500G, Household,Tin,10,13,5, No Tax, exclusive
6.03E+12,CERELAC FRUITS TIN 400G, Household,Tin,10,14.5,5, No Tax, exclusive
6.03E+12,CERELAC MAIZE  TIN 400G, Household,Tin,10,13,5, No Tax, exclusive
6.03E+12,CERELAC MILLET 50G STRIP 10PC, Household,Tin,14,15,5, No Tax, exclusive
6.03E+12,CERELAC MILLET SACHE 50G PCS, Household,Tin,1.5,1.6,5, No Tax, exclusive
6.03E+12,CERELAC MILLET TIN 400G, Household,Tin,10,13,5, No Tax, exclusive
6.03E+12,CERELAC RICE SACHE 50G PCS, Household,Tin,1.5,1.6,5, No Tax, exclusive
6.03E+12,CERELAC RICE SACHE 50G STRIP 10PCS, Household,Tin,14,15,5, No Tax, exclusive
6.03E+12,CERELAC RICE TIN 400G, Household,Tin,12,14.5,5, No Tax, exclusive
6.03E+12,CERELAC WHEAT SACHE 50G, Household,Tin,1,1.6,5, No Tax, exclusive
6.03E+12,CERELAC WHEAT SACHE 50G STRIP 10PCS, Household,Tin,14,15,5, No Tax, exclusive
6.03E+12,CERELAC WHEAT TIN 400G, Household,Tin,10,13,5, No Tax, exclusive
6.00E+12,CERES 100% APPLE JUICE 1L, Household,Tin,10,10.5,5, No Tax, exclusive
6.00E+12,CERES 100% CRANBERRY AND KIWI 1L, Household,Tin,10,10.5,5, No Tax, exclusive
6.00E+12,CERES 100% JUICE RED GRAPE 1L, Household,Tin,10,10.5,5, No Tax, exclusive
6.00E+12,CERES 100% ORANGE JUICE 1L, Household,Tin,10,10.5,5, No Tax, exclusive
6.00E+12,CERES 100% WHITE GRAPE CAN PCS, Household,Tin,4.8,5,5, No Tax, exclusive
6.00E+12,CERES APPLE S/S PK, Household,Tin,15,16,5, No Tax, exclusive
6.00E+12,CERES CAN PINEAPPLE PK OF 6, Household,Tin,28,29,5, No Tax, exclusive
6.00E+12,CERES CAN RED GRAPE PK OF 6, Household,Tin,28,29,5, No Tax, exclusive
6.00E+12,CERES CAN SECRETS OF THE VALLEY PK 6, Household,Tin,28,29,5, No Tax, exclusive
6.00E+12,CERES CRANBERRY AND KIWI 1L, Household,Tin,9.5,10.5,5, No Tax, exclusive
8.58E+11,CERES goldcoast cocoa powder, Household,Tin,13,15,5, No Tax, exclusive
6.00E+12,CERES LITCHI 1L, Household,Tin,10,10.5,5, No Tax, exclusive
6.43E+11,CERES MANGO S/S, Household,Tin,15,16,5, No Tax, exclusive
6.00E+12,CERES MEDLEY OF FRUIT 100% S/S PK, Household,Tin,15,16,5, No Tax, exclusive
6.00E+12,CERES PASSION FRUIT, Household,Tin,9.5,10.5,5, No Tax, exclusive
6.00E+12,CERES PINEAPPLE S/S PK, Household,Tin,15,16,5, No Tax, exclusive
6.00E+12,CERES RED GRAPE S/S, Household,Tin,15,16,5, No Tax, exclusive
6.00E+12,CERES SECRETE OF THE VALLEY S/S PK, Household,Tin,15,16,5, No Tax, exclusive
6.00E+12,Ceres Secrets of the Valley (1L), Household,Tin,10,10.5,5, No Tax, exclusive
6.00E+12,CERES SPARKLING CAN 250ML, Household,Tin,4,5,5, No Tax, exclusive
6.00E+12,CERES SPARKLING CAN ORANGE, Household,Tin,4,5,5, No Tax, exclusive
6.00E+12,CERES WHISPERS S/S PACK, Household,Tin,15,16,5, No Tax, exclusive
9.01E+12,CERIWIP COOKING CREAM 1LT, Household,Tin,22,23,5, No Tax, exclusive
60067,CHADOMA SILVER SHINE SOFT PK, Household,Tin,3,4,5, No Tax, exclusive
3.34E+12,CHATEL MOUTARDE 370G, Household,Tin,6,8,5, No Tax, exclusive
3.34E+12,CHATEL MOUTARDE 850G, Household,Tin,15,17,5, No Tax, exclusive
16000435094,CHEERIOS TOASTED WHOLE GRAIN OAT CEREAL 1.1KG, Household,Tin,30,32,5, No Tax, exclusive
7.13E+11,CHEESE BALLS 16G, Household,Tin,0.7,1,5, No Tax, exclusive
5.06E+12,CHEWITS HAND SOAP (STRAWBERRY), Household,Tin,10,11,5, No Tax, exclusive
6.03E+12,CHIC CHOC VANILLA BISCUIT 14G PK, Household,Tin,5,6.5,5, No Tax, exclusive
5.01E+12,CHINESE CURRY COOKING SAUCE 425G, Household,Tin,19,20,5, No Tax, exclusive
6.93E+12,CHINESE TOILET PAPER BLACK PK, Household,Tin,28,31,5, No Tax, exclusive
6.03E+12,CHOCO MALT DRINK 500ML PCS, Household,Tin,2,3,5, No Tax, exclusive
6.03E+12,choco milo 137.5g, Household,Tin,5,5.5,5, No Tax, exclusive
60035,CHOCO PEIN BREAD CRUMS, Household,Tin,1.5,2,5, No Tax, exclusive
60123,CHRISMAS CARD WIFE, Household,Tin,18,20,5, No Tax, exclusive
60151,CHRISTMAS WISH FLORISTS CARD, Household,Tin,11,12,5, No Tax, exclusive
5.29E+12,CHTOURA FIELDS BOILED CHICK PEAS IN BRINE 400G, Household,Tin,5,5.5,5, No Tax, exclusive
5.29E+12,CHTOURA FIELDS BROWN  SPLIT BOURGOL, Household,Tin,8,10,5, No Tax, exclusive
5.29E+12,CHTOURA FIELDS CHICK PEAS 1KG, Household,Tin,22,24,5, No Tax, exclusive
5.29E+12,CHTOURA FIELDS CHICK PEAS DIP HOMMOS, Household,Tin,5,5.5,5, No Tax, exclusive
5.29E+12,CHTOURA FIELDS COOKED FAVA BEANS WITH CHICK PEAS 400G, Household,Tin,5,5.5,5, No Tax, exclusive
5.29E+12,CHTOURA FIELDS COOKED FAVA BEANS WITH CHILI, Household,Tin,5,6.5,5, No Tax, exclusive
5.29E+12,CHTOURA FIELDS FOUL MEDAMMES, Household,Tin,5,5.5,5, No Tax, exclusive
9055476,CHTOURA FIELDS GREEN LENTILS, Household,Tin,20,21,5, No Tax, exclusive
5.29E+12,CHTOURA FIELDS GRENADINE MOLASSES 270ML, Household,Tin,8,10,5, No Tax, exclusive
5.29E+12,CHTOURA FIELDS ROSENWASSER 250ML, Household,Tin,5,5.5,5, No Tax, exclusive
5.29E+12,CHTOURA FIELDS TAHINA 400G, Household,Tin,15,17,5, No Tax, exclusive
5.29E+12,CHTOURA FIELDS TAHINA 800G, Household,Tin,25,31,5, No Tax, exclusive
60147,CHTOURA FIELDS WHEAT SMOOTH 1KG, Household,Tin,9,10,5, No Tax, exclusive
5.29E+12,CHTOURA FIELDS WHITE VINEGAR 1LT, Household,Tin,5,7,5, No Tax, exclusive
60000,CHUPA CHUPS PCS, Household,Tin,1,1.5,5, No Tax, exclusive
8.41E+12,CHUPA CHUPS SACHE PK MILKY FRUIT 1440G, Household,Tin,148,150,5, No Tax, exclusive
20000073,CIEN MEN SHAVING TWIN BLADE 20X, Household,Tin,58,60,5, No Tax, exclusive
20542672,CIEN MEN TWIN BLADE 12X, Household,Tin,14,15,5, No Tax, exclusive
8.72E+12,CIF BATHROOM MOUSSE 500ML, Household,Tin,15,18,5, No Tax, exclusive
8.71E+12,CIF BATHROOM ULTRAFAST 450ML, Household,Tin,15,18,5, No Tax, exclusive
5.00E+12,CIF CREAM LEMON 500G, Household,Tin,11,12,5, No Tax, exclusive
5.00E+12,CIF CREAM ORIGINAL 500ML, Household,Tin,10,12,5, No Tax, exclusive
8.72E+12,CIF FLOOR CLEANER OCEAN 1000ML, Household,Tin,17,18,5, No Tax, exclusive
8.71E+12,CIF KITCHEN ULTRAFAST 450G, Household,Tin,17,18,5, No Tax, exclusive
8.71E+12,CIF MULTIPURPOSE WITH BLEACH 450ML, Household,Tin,16,20,5, No Tax, exclusive
6.03E+12,CINDY RICE 5KG, Household,Tin,25,30,5, No Tax, exclusive
65633435162,CINNAMON  TOAST CRUNCH 1.3KG, Household,Tin,59,60,5, No Tax, exclusive
5467890--098765678,CITY BREAD BUTTER, Household,Tin,5,7,5, No Tax, exclusive
5.04E+12,CLASSICS NAIL POLISH REMOVER 150ML, Household,Tin,5,6,5, No Tax, exclusive
40534695,CLAUSTHALER NON ALCOHOLIC BEER 330ML, Household,Tin,6,7,5, No Tax, exclusive
3.57E+12,CLEAN & CLEAR BLACKHEAD CLEARING 2IN1, Household,Tin,22,23,5, No Tax, exclusive
8.00E+12,CLEAN & CLEAR DEEP CLEANSING 200ML, Household,Tin,22,23,5, No Tax, exclusive
5.00E+12,CLEAN & CLEAR DEEP CLEANSING LOTION 200ML, Household,Tin,22,25,5, No Tax, exclusive
5.00E+12,CLEAN &CLEAR exfoliating daily wash, Household,Tin,22,23,5, No Tax, exclusive
7.37E+11,CLEAR ESSENCE COMPLEXION BAR 150G , Household,Tin,0,0,5, No Tax, exclusive
9.00E+12,CLIN WINDOWS & GLASS 500ML, Household,Tin,10,13,5, No Tax, exclusive
60010,CLOROX DISINFECTING WIPES 518G, Household,Tin,22,23,5, No Tax, exclusive
8.77E+21,CLOROX PERFORMANCE 3.57LT, Household,Tin,35,37,5, No Tax, exclusive
8.93E+12,CLOSE UP 160G, Household,Tin,5,6,5, No Tax, exclusive
6.03E+12,CLUB COLA 350ML, Household,Tin,1.5,2,5, No Tax, exclusive
6.03E+12,CLUB MUSCATELLA 0.35, Household,Tin,1.5,2,5, No Tax, exclusive
60137,CLUB MUSCATELLA PACK, Household,Tin,0,16,5, No Tax, exclusive
6.03E+12,CLUB ORANGE 350ML, Household,Tin,1.5,2,5, No Tax, exclusive
6.03E+12,CLUB QUININE 350ML, Household,Tin,1.5,2,5, No Tax, exclusive
6.03E+12,CLUB SODA 350ML PCS, Household,Tin,1.5,2,5, No Tax, exclusive
60104,CLUB SODA PK 12PCS, Household,Tin,15,16,5, No Tax, exclusive
6.03E+12,CLUB TONIC PCS, Household,Tin,1.8,2,5, No Tax, exclusive
60103,CLUB TONIC PK, Household,Tin,15,16,5, No Tax, exclusive
42117131,COCA COLA 0.35ML, Household,Tin,1.5,2,5, No Tax, exclusive
54491472,COCA COLA 0.5L, Household,Tin,3,3.5,5, No Tax, exclusive
5.45E+12,COCA COLA 1.5L, Household,Tin,7,8,5, No Tax, exclusive
5.45E+12,COCA COLA CAN 33CL, Household,Tin,2.5,3,5, No Tax, exclusive
60133,COCA COLA CAN 33CL PK 24, Household,Tin,35,66,5, No Tax, exclusive
5.00E+12,COCA COLA CLASSIC 12 PACK, Household,Tin,28,29,5, No Tax, exclusive
6792800,COCA COLA DIET 355ML PCS, Household,Tin,3.8,4,5, No Tax, exclusive
60141,COCA COLA DIET PK 12, Household,Tin,45,46,5, No Tax, exclusive
60036,COCA COLA LIGHT PCS 330ML CAN, Household,Tin,3.5,4,5, No Tax, exclusive
60149,COCA COLA PLASTIC 0.335ML PK, Household,Tin,22,23,5, No Tax, exclusive
5.00E+12,COCA COLA VANILLA 330ML, Household,Tin,3,3.5,5, No Tax, exclusive
9.50E+12,COCKTAIL CAN 33OML, Household,Tin,3,3.5,5, No Tax, exclusive
4.89E+12,COKE LIGHT CAN 330ML, Household,Tin,3,4,5, No Tax, exclusive
4.89E+12,COKE ZERO 330ML, Household,Tin,3,4,5, No Tax, exclusive
6.00E+12,COLGATE ADVANCED WHITE 100ML, Household,Tin,12,13,5, No Tax, exclusive
5.00E+12,COLGATE COOL STRIPE, Household,Tin,14,15,5, No Tax, exclusive
6.00E+12,COLGATE HERBAL 125ML, Household,Tin,5,6,5, No Tax, exclusive
8.71E+12,COLGATE MAX WHITE ONE, Household,Tin,10,16,5, No Tax, exclusive
8.85E+12,COLGATE MAXFRESH COOL MINT 100ML, Household,Tin,10,12,5, No Tax, exclusive
8.85E+12,COLGATE MAXFRESH COOLING CRYSTAL 100ML, Household,Tin,10,12,5, No Tax, exclusive
6.92E+12,COLGATE STRAWBERRY PASTE BABIES 0-2YRS 50ML, Household,Tin,8,9,5, No Tax, exclusive
6.92E+12,COLGATE TOOTHPASTE -5YRS, Household,Tin,8,9,5, No Tax, exclusive
8.85E+12,COLGATE TOTAL BLANCHEUR, Household,Tin,8,10,5, No Tax, exclusive
7.89E+12,COLGATE WHITENING TOOTHPASTE 100ML, Household,Tin,8,9,5, No Tax, exclusive
8.71E+12,COLMANS SEA FOOD SAUCE 155G, Household,Tin,13,14,5, No Tax, exclusive
8.71E+12,COMFORT AZUL 4L, Household,Tin,45,46,5, No Tax, exclusive
8.72E+12,COMFORT BLUE SKIES 1.5LT, Household,Tin,22,23,5, No Tax, exclusive
8.72E+12,COMFORT BLUE SKIES 3L, Household,Tin,34,35,5, No Tax, exclusive
8.71E+12,COMFORT BLUE SKIES 750ML, Household,Tin,12,13,5, No Tax, exclusive
8.71E+12,COMFORT HONEYSUCKLE 1.16L, Household,Tin,24,25,5, No Tax, exclusive
8.72E+12,COMFORT PURE 1.5L, Household,Tin,22,23,5, No Tax, exclusive
8.71E+12,COMFORT PURE 750ML, Household,Tin,12,13,5, No Tax, exclusive
8.71E+12,COMFORT PURE WHITE 4L, Household,Tin,45,46,5, No Tax, exclusive
8.71E+12,COMFORT SUN FRESH 4L, Household,Tin,0,46,5, No Tax, exclusive
8.72E+12,COMFORT SUNSHINY DAYS 1.5L, Household,Tin,22,23,5, No Tax, exclusive
8.72E+12,COMFORT SUNSHINY DAYS 3L, Household,Tin,34,35,5, No Tax, exclusive
8.71E+12,COMFORT SUNSHINY DAYS 750ML, Household,Tin,12,13,5, No Tax, exclusive
8.72E+12,COMFORT TROPICAL BURST 1.5L, Household,Tin,22,23,5, No Tax, exclusive
7.37E+11,COMPLEXION CLEANSING BAR 150G, Household,Tin,20,20,5, No Tax, exclusive
60050,COOKIES CAKE BANANA FLAVOUR, Household,Tin,9,10,5, No Tax, exclusive
60121,COOKIES CAKE CARROT FLAVOUR, Household,Tin,10,10,5, No Tax, exclusive
60051,COOKIES CAKE CHOCOLATE FLAVOUR, Household,Tin,9,10,5, No Tax, exclusive
6.03E+12,COOL BREEZE CRANBERRY AIR REFRESHNER PAPER, Household,Tin,5,6,5, No Tax, exclusive
6.03E+12,COOL BREEZE FREESIA AIR 8G, Household,Tin,5,6,5, No Tax, exclusive
6.03E+12,COOL BREEZE PAPER LAVENDER 8G, Household,Tin,5,6,5, No Tax, exclusive
60119,COOL IT ICE CUBES ONE PACK, Household,Tin,5.5,6,5, No Tax, exclusive
1.28E+12,CORAL HEAD ON VANNANEI PRAWNS 1KG, Household,Tin,85,86,5, No Tax, exclusive
5.00E+12,CORSODY MINT MOUTH WASH 300ML, Household,Tin,27,28,5, No Tax, exclusive
8.72E+12,COUNTRE DAIRY CHOCOLATE DRINK 3PACK, Household,Tin,8,9,5, No Tax, exclusive
60191,COUNTRE DAIRY CHOCOLATE MILK PK 3, Household,Tin,7,8,5, No Tax, exclusive
3.26E+12,COUSCOUS GRAIN MOYEM 500G, Household,Tin,10,12,5, No Tax, exclusive
8.59E+12,"COW & GATE BURSTING APPLE,BANANA & BERRIES 125G", Household,Tin,5,6,5, No Tax, exclusive
8.59E+12,COW & GATE BURSTING BERRY & BANANA 200G GLASS, Household,Tin,6.5,7,5, No Tax, exclusive
5.90E+12,COW & GATE CARROT & CHICKEN RISOTTO 125G, Household,Tin,5.5,6,5, No Tax, exclusive
5.90E+12,COW & GATE CHICKEN SUNDAY LUNCH 125G, Household,Tin,5.5,6,5, No Tax, exclusive
5.90E+12,COW & GATE MINI BEEF CASEROLL 125G, Household,Tin,5,6,5, No Tax, exclusive
5.90E+12,COW & GATE MY FIRST BOLOGNESE 125G, Household,Tin,5,6,5, No Tax, exclusive
5.90E+12,COW & GATE RICE PUDDING 200G GLASS, Household,Tin,6.5,7,5, No Tax, exclusive
8.59E+12,COW & GATE SCRUMPTIOUS PEACH & MANGO 200G, Household,Tin,6,7,5, No Tax, exclusive
5.90E+12,COW & GATE VEGGIE & TURKEY RISOTTO 125G, Household,Tin,5,6,5, No Tax, exclusive
6.01E+12,COWBELL CHOCO MALT 40G STRIP, Household,Tin,11,12,5, No Tax, exclusive
6.01E+12,COWBELL CHOCO MALT SACHE 40G, Household,Tin,1,1.3,5, No Tax, exclusive
6.01E+12,COWBELL COFFE 40G, Household,Tin,11,12,5, No Tax, exclusive
6.01E+12,COWBELL COFFE 40G PCS, Household,Tin,1,1.2,5, No Tax, exclusive
6.01E+12,COWBELL MOCHA 40G PCS, Household,Tin,1,1.2,5, No Tax, exclusive
6.01E+12,COWBELL POUCH SACHE 400G, Household,Tin,14,18,5, No Tax, exclusive
6.01E+12,COWBELL STRAWBERRY 40G, Household,Tin,11,12,5, No Tax, exclusive
6.01E+12,COWBELL STRAWBERRY 40G PCS, Household,Tin,1,1.2,5, No Tax, exclusive
6.01E+12,COWBELL TIN 400G, Household,Tin,15,19,5, No Tax, exclusive
6.01E+12,COWBELL VITA RICH MILK POWDER 14G PCS, Household,Tin,0.9,1,5, No Tax, exclusive
6.01E+12,COWBELL VITA RICH MILK POWDER 26G, Household,Tin,1,1.3,5, No Tax, exclusive
6.01E+12,CREAM CRACKERS CRISP CRACKERS 200G, Household,Tin,6,7,5, No Tax, exclusive
6.04E+12,CRYSTAL BROWN SUGAR B/S, Household,Tin,13,14.5,5, No Tax, exclusive
6.04E+12,CRYSTAL BROWN SUGAR S/S, Household,Tin,7,8.5,5, No Tax, exclusive
5.01E+12,CRYSTAL CLEAR APPLE LIQUID DETERGENT 450ML, Household,Tin,4,4.5,5, No Tax, exclusive
